14;sfg;asgf;2023-02-13 15:35:49.650453
15;324wrg;sfdgsfdg;2023-02-13 15:36:40.937559
16;asfdsadf;asfgdasfg;2023-02-13 15:38:56.180726
19;uuu;uyu;2023-02-13 18:20:19.150885
21;qqqq;wwww;2023-02-13 18:09:29.673503
22;qweq;adsfas;2023-02-13 18:21:48.091357
23;qweqw;qweqw;Mon Feb 13 23:04:31 2023
24;vcvczxczxv;zxvczxvcvc;13-02-2023 23:07:58
25;dsaf;wfwsa;13-02-2023 23:17:35
26;выаыф;павыр;13-02-2023 23:27:27
27;sdf;hgfd;13-02-2023 23:28:54
28;srgsa;gfds;13-02-2023 23:30:59
29;sdrfs;hgfjhfg;13-02-2023 23:34:07
30;sagf;gfds;13-02-2023 23:34:26
31;asdf;gfds;13-02-2023 23:34:58